Date,Bulk Latex
4/1/2010,606
5/1/2010,613.5
6/1/2010,620.5
7/1/2010,627.5
8/1/2010,631
11/1/2010,635.5
12/1/2010,643
13/1/2010,646.5
14/1/2010,653.5
15/1/2010,660
18/1/2010,660
19/1/2010,665
20/1/2010,673.5
21/1/2010,687.5
22/1/2010,692
25/1/2010,689
26/1/2010,689
27/1/2010,687.5
28/1/2010,683.5
29/1/2010,681
2/2/2010,682
3/2/2010,685
4/2/2010,689
5/2/2010,688.5
8/2/2010,686.5
9/2/2010,684
10/2/2010,686.5
11/2/2010,692.5
12/2/2010,700
17/2/2010,706.5
18/2/2010,711.5
19/2/2010,717
22/2/2010,722
23/2/2010,726.5
24/2/2010,727.5
25/2/2010,732
1/3/2010,734.5
2/3/2010,737.5
3/3/2010,735
4/3/2010,735.5
5/3/2010,734.5
8/3/2010,737.5
9/3/2010,740
10/3/2010,739.5
11/3/2010,739
12/3/2010,738
15/3/2010,736
16/3/2010,732.5
17/3/2010,732
18/3/2010,732
19/3/2010,730.5
22/3/2010,728.5
23/3/2010,727.5
24/3/2010,725.5
25/3/2010,727
26/3/2010,732
29/3/2010,736
30/3/2010,740.5
31/3/2010,740
1/4/2010,738.5
5/4/2010,739.5
6/4/2010,741
7/4/2010,746.5
8/4/2010,749.5
9/4/2010,750
12/4/2010,753.5
13/4/2010,756
14/4/2010,758
15/4/2010,761.5
16/4/2010,766.5
19/4/2010,766
20/4/2010,762
21/4/2010,766
22/4/2010,766
23/4/2010,767
26/4/2010,766
27/4/2010,763
28/4/2010,760.5
29/4/2010,755
30/4/2010,749.5
3/5/2010,744.5
4/5/2010,738.5
5/5/2010,730.5
6/5/2010,722
7/5/2010,712.5
10/5/2010,704.5
11/5/2010,700
12/5/2010,696.5
13/5/2010,692.5
14/5/2010,686.5
17/5/2010,681
18/5/2010,675.5
19/5/2010,676
20/5/2010,680.5
21/5/2010,684.5
24/5/2010,688.5
25/5/2010,695
26/5/2010,703.5
27/5/2010,712.5
31/5/2010,715.5
1/6/2010,718
2/6/2010,720
3/6/2010,718.5
4/6/2010,717
7/6/2010,714
8/6/2010,708.5
9/6/2010,706.5
10/6/2010,705.5
11/6/2010,704.5
14/6/2010,705.5
15/6/2010,709.5
16/6/2010,713
17/6/2010,714.5
18/6/2010,713
21/6/2010,713.5
22/6/2010,710.5
23/6/2010,706
24/6/2010,703
25/6/2010,702
28/6/2010,705
29/6/2010,705.5
30/6/2010,701.5
1/7/2010,699
2/7/2010,699.5
5/7/2010,699.5
6/7/2010,699
7/7/2010,699.5
8/7/2010,702
9/7/2010,703
12/7/2010,701
13/7/2010,697.5
14/7/2010,693.5
15/7/2010,689.5
16/7/2010,688
19/7/2010,687.5
20/7/2010,688
21/7/2010,689
22/7/2010,687
23/7/2010,687
26/7/2010,689.5
27/7/2010,689.5
28/7/2010,688.5
29/7/2010,690.5
30/7/2010,690
2/8/2010,689
3/8/2010,691.5
4/8/2010,692
5/8/2010,693
6/8/2010,693.5
9/8/2010,695
10/8/2010,695.5
11/8/2010,694.5
12/8/2010,690.5
13/8/2010,688.5
16/8/2010,686.5
17/8/2010,686
18/8/2010,687
19/8/2010,688.5
20/8/2010,690
23/8/2010,689.5
24/8/2010,689
25/8/2010,689.5
26/8/2010,691
27/8/2010,695
30/8/2010,697
1/9/2010,699
2/9/2010,700.5
3/9/2010,701.5
6/9/2010,702
7/9/2010,703.5
8/9/2010,704
13/9/2010,704.5
14/9/2010,705.5
15/9/2010,707
17/9/2010,708.5
20/9/2010,709.5
21/9/2010,712.5
22/9/2010,717
23/9/2010,721
24/9/2010,723
27/9/2010,725.5
28/9/2010,727
29/9/2010,727.5
30/9/2010,730.5
1/10/2010,733.5
4/10/2010,734
5/10/2010,735.5
6/10/2010,737
7/10/2010,739.5
8/10/2010,742
11/10/2010,743.5
12/10/2010,750.5
13/10/2010,758.5
14/10/2010,767
15/10/2010,774.5
18/10/2010,775.5
19/10/2010,779
20/10/2010,777.5
21/10/2010,778
22/10/2010,778.5
25/10/2010,782
26/10/2010,787
27/10/2010,789.5
28/10/2010,788.5
29/10/2010,788.5
1/11/2010,786
2/11/2010,789.5
3/11/2010,794.5
4/11/2010,800
8/11/2010,811
9/11/2010,828
10/11/2010,840
11/11/2010,848.5
12/11/2010,853.5
15/11/2010,848.5
16/11/2010,853.5
18/11/2010,858.5
19/11/2010,866
22/11/2010,871.5
23/11/2010,872.5
24/11/2010,869
25/11/2010,872.5
26/11/2010,873.5
29/11/2010,873
30/11/2010,879
1/12/2010,884.5
2/12/2010,891.5
3/12/2010,898
6/12/2010,905
8/12/2010,911.5
9/12/2010,918.5
10/12/2010,924
13/12/2010,932
14/12/2010,941.5
15/12/2010,948
16/12/2010,948.5
17/12/2010,950
20/12/2010,958
21/12/2010,967
22/12/2010,974.5
23/12/2010,977.5
24/12/2010,980.5
27/12/2010,981.5
28/12/2010,983
29/12/2010,979
30/12/2010,976
3/1/2011,976
4/1/2011,978
5/1/2011,979.5
6/1/2011,975
7/1/2011,975
10/1/2011,973
11/1/2011,976.5
12/1/2011,980.5
13/1/2011,990.5
14/1/2011,994.5
17/1/2011,1002
18/1/2011,1006.5
19/1/2011,1011
21/1/2011,1018.5
24/1/2011,1023.5
25/1/2011,1025.5
26/1/2011,1019
27/1/2011,1015.5
28/1/2011,1014.5
31/1/2011,1013
7/2/2011,1020.5
8/2/2011,1030
9/2/2011,1035
10/2/2011,1039.5
11/2/2011,1045.5
14/2/2011,1052
16/2/2011,1055
17/2/2011,1063.5
18/2/2011,1069
21/2/2011,1079.5
22/2/2011,1084
23/2/2011,1080.5
24/2/2011,1080
25/2/2011,1081
28/2/2011,1078
1/3/2011,1074.5
2/3/2011,1068
3/3/2011,1063
4/3/2011,1053.5
7/3/2011,1042.5
8/3/2011,1028.5
9/3/2011,1009
10/3/2011,992
11/3/2011,972.5
14/3/2011,939
15/3/2011,852
16/3/2011,852
17/3/2011,862
18/3/2011,878
21/3/2011,902
22/3/2011,945
23/3/2011,981.5
24/3/2011,1008
25/3/2011,1031.5
28/3/2011,1036
29/3/2011,1029.5
30/3/2011,1035.5
31/3/2011,1047.5
1/4/2011,1057.5
4/4/2011,1060
5/4/2011,1075
6/4/2011,1084
7/4/2011,1087
8/4/2011,1087.5
11/4/2011,1087.5
12/4/2011,1084.5
13/4/2011,1073
14/4/2011,1062
15/4/2011,1054
18/4/2011,1043.5
19/4/2011,1034
20/4/2011,1022
21/4/2011,1019
25/4/2011,1009.5
26/4/2011,1000
27/4/2011,996
28/4/2011,980.5
29/4/2011,975.5
3/5/2011,968.5
4/5/2011,963.5
5/5/2011,956
6/5/2011,946.5
9/5/2011,937
10/5/2011,940.5
11/5/2011,938.5
12/5/2011,934
13/5/2011,931.5
16/5/2011,936
18/5/2011,938
19/5/2011,939.5
20/5/2011,940
23/5/2011,940
24/5/2011,935.5
25/5/2011,940.5
26/5/2011,946
27/5/2011,946
30/5/2011,945.5
31/5/2011,943.5
1/6/2011,943
2/6/2011,935.5
3/6/2011,937.5
6/6/2011,940
7/6/2011,940.5
8/6/2011,936.5
9/6/2011,933.5
10/6/2011,932
13/6/2011,930.5
14/6/2011,928
15/6/2011,931.5
16/6/2011,934.5
17/6/2011,939
20/6/2011,940.5
21/6/2011,935
22/6/2011,929
23/6/2011,918
24/6/2011,908
27/6/2011,897
28/6/2011,888
29/6/2011,869
30/6/2011,861
1/7/2011,850
4/7/2011,846
5/7/2011,854
6/7/2011,861
7/7/2011,873
8/7/2011,878.5
11/7/2011,884
12/7/2011,872
13/7/2011,867.5
14/7/2011,870.5
15/7/2011,874
18/7/2011,882
19/7/2011,882
20/7/2011,887.5
21/7/2011,892
22/7/2011,887.5
25/7/2011,881.5
26/7/2011,876.5
27/7/2011,880.5
28/7/2011,881.5
29/7/2011,877
1/8/2011,876.5
2/8/2011,875.5
3/8/2011,875.5
4/8/2011,879.5
5/8/2011,877
8/8/2011,870
9/8/2011,859
10/8/2011,846
11/8/2011,841
12/8/2011,842
15/8/2011,845
16/8/2011,849
17/8/2011,853
18/8/2011,855.5
19/8/2011,851.5
22/8/2011,852.5
23/8/2011,855
24/8/2011,858
25/8/2011,860
26/8/2011,858.5
2/9/2011,861.5
5/9/2011,857
6/9/2011,851
7/9/2011,852
8/9/2011,858
9/9/2011,861.5
12/9/2011,860
13/9/2011,858.5
14/9/2011,861
15/9/2011,865.5
19/9/2011,869
20/9/2011,869.5
21/9/2011,869
22/9/2011,868
23/9/2011,861.5
26/9/2011,854.5
27/9/2011,844
28/9/2011,844
29/9/2011,825
30/9/2011,807.5
3/10/2011,807
4/10/2011,802
5/10/2011,804.5
6/10/2011,808.5
7/10/2011,815.5
10/10/2011,819.5
11/10/2011,823
12/10/2011,824
13/10/2011,824.5
14/10/2011,818
17/10/2011,819.5
18/10/2011,818
19/10/2011,811
20/10/2011,795
21/10/2011,791
24/10/2011,790
25/10/2011,793.5
27/10/2011,792.5
28/10/2011,785.5
31/10/2011,777.5
1/11/2011,768
2/11/2011,758
3/11/2011,758
4/11/2011,751
8/11/2011,745
9/11/2011,726.5
10/11/2011,694
11/11/2011,649.5
14/11/2011,639.5
15/11/2011,648.5
16/11/2011,653.5
17/11/2011,674
18/11/2011,685
21/11/2011,683.5
22/11/2011,668
23/11/2011,662
24/11/2011,664.5
25/11/2011,668.5
29/11/2011,674
30/11/2011,676.5
1/12/2011,680.5
2/12/2011,682
5/12/2011,678.5
6/12/2011,676
7/12/2011,680
8/12/2011,688.5
9/12/2011,690
12/12/2011,684
13/12/2011,678.5
14/12/2011,672.5
15/12/2011,669.5
16/12/2011,663.5
19/12/2011,660.5
20/12/2011,657.5
21/12/2011,661.5
22/12/2011,661
23/12/2011,657
27/12/2011,654.5
28/12/2011,650.5
29/12/2011,649
30/12/2011,638.5
3/1/2012,633
4/1/2012,634
5/1/2012,632
6/1/2012,630.5
9/1/2012,629
10/1/2012,626.5
11/1/2012,629
12/1/2012,636.5
13/1/2012,647
16/1/2012,652
17/1/2012,661
18/1/2012,675
19/1/2012,688
20/1/2012,701
25/1/2012,719
26/1/2012,734.5
27/1/2012,739.5
30/1/2012,740.5
31/1/2012,746
2/2/2012,753.5
3/2/2012,755.5
8/2/2012,762
9/2/2012,769.5
10/2/2012,770.5
13/2/2012,771.5
14/2/2012,773
15/2/2012,775
16/2/2012,775
17/2/2012,774.5
20/2/2012,778.5
21/2/2012,780
22/2/2012,786
23/2/2012,789
24/2/2012,791.5
27/2/2012,791
28/2/2012,787
29/2/2012,785
1/3/2012,785
2/3/2012,785
5/3/2012,783.5
6/3/2012,781.5
7/3/2012,776.5
8/3/2012,775.5
9/3/2012,778
12/3/2012,780.5
13/3/2012,780.5
14/3/2012,784.5
15/3/2012,786
16/3/2012,787.5
19/3/2012,786
20/3/2012,785
21/3/2012,784.5
22/3/2012,784
23/3/2012,783
26/3/2012,784.5
27/3/2012,787
28/3/2012,785.5
29/3/2012,782
30/3/2012,778.5
2/4/2012,778.5
3/4/2012,778.5
4/4/2012,776.5
5/4/2012,773.5
9/4/2012,773
10/4/2012,773.5
12/4/2012,767
13/4/2012,757
16/4/2012,746.5
17/4/2012,741.5
18/4/2012,737.5
19/4/2012,740.5
20/4/2012,740
23/4/2012,737.5
24/4/2012,733.5
25/4/2012,730.5
26/4/2012,730
27/4/2012,733
30/4/2012,737.5
2/5/2012,741.5
3/5/2012,744.5
4/5/2012,742.5
7/5/2012,739
8/5/2012,738.5
9/5/2012,733
10/5/2012,726.5
11/5/2012,722
14/5/2012,716
15/5/2012,705
16/5/2012,703.5
17/5/2012,701
18/5/2012,702.5
21/5/2012,705.5
22/5/2012,716.5
23/5/2012,718.5
24/5/2012,714.5
25/5/2012,710.5
28/5/2012,710.5
29/5/2012,710.5
30/5/2012,711
31/5/2012,706
1/6/2012,698
4/6/2012,687
5/6/2012,679
6/6/2012,669
7/6/2012,667.5
8/6/2012,662
11/6/2012,658.5
12/6/2012,656
13/6/2012,654.5
14/6/2012,654
15/6/2012,656
18/6/2012,661.5
19/6/2012,668.5
20/6/2012,669
21/6/2012,667
22/6/2012,659.5
25/6/2012,657.5
26/6/2012,656
27/6/2012,655.5
28/6/2012,653.5
29/6/2012,648.5
2/7/2012,649.5
3/7/2012,650.5
4/7/2012,652.5
5/7/2012,654.5
6/7/2012,656.5
9/7/2012,650.5
10/7/2012,647.5
11/7/2012,644
12/7/2012,637
13/7/2012,635
16/7/2012,639
17/7/2012,647
18/7/2012,646
19/7/2012,647
20/7/2012,652
23/7/2012,647
24/7/2012,639.5
25/7/2012,631
26/7/2012,629
27/7/2012,632.5
30/7/2012,637.5
31/7/2012,632.5
1/8/2012,623
2/8/2012,615.5
3/8/2012,607.5
6/8/2012,598.5
7/8/2012,593.5
8/8/2012,586.5
9/8/2012,572.5
10/8/2012,557
13/8/2012,548.5
14/8/2012,536.5
15/8/2012,528
16/8/2012,524
17/8/2012,531
22/8/2012,545
23/8/2012,557
24/8/2012,558.5
27/8/2012,561.5
28/8/2012,567
29/8/2012,569.5
30/8/2012,568.5
3/9/2012,566.5
4/9/2012,566
5/9/2012,560
6/9/2012,558.5
7/9/2012,558
10/9/2012,561
11/9/2012,568.5
12/9/2012,576
13/9/2012,579.5
14/9/2012,587
18/9/2012,595
19/9/2012,599.5
20/9/2012,602.5
21/9/2012,606.5
24/9/2012,608.5
25/9/2012,609.5
26/9/2012,613
27/9/2012,614.5
28/9/2012,617.5
1/10/2012,620.5
2/10/2012,624
3/10/2012,632
4/10/2012,634
5/10/2012,638.5
8/10/2012,636.5
9/10/2012,635
10/10/2012,638.5
11/10/2012,637
12/10/2012,633.5
15/10/2012,626
16/10/2012,619.5
17/10/2012,615.5
18/10/2012,614.5
19/10/2012,614
22/10/2012,605
23/10/2012,597
24/10/2012,590
25/10/2012,589.5
29/10/2012,590.5
30/10/2012,586
31/10/2012,579.5
1/11/2012,575.5
2/11/2012,572
5/11/2012,564.5
6/11/2012,557.5
7/11/2012,555
8/11/2012,552
9/11/2012,548.5
12/11/2012,548
14/11/2012,549.5
16/11/2012,555
19/11/2012,560.5
20/11/2012,564
21/11/2012,567.5
22/11/2012,570.5
23/11/2012,570
26/11/2012,567.5
27/11/2012,564.5
28/11/2012,561
29/11/2012,557.5
30/11/2012,558.5
3/12/2012,564
4/12/2012,569.5
5/12/2012,572.5
6/12/2012,576
7/12/2012,574
10/12/2012,574
11/12/2012,572.5
12/12/2012,570
13/12/2012,568.5
14/12/2012,570
17/12/2012,576
18/12/2012,579.5
19/12/2012,582
20/12/2012,579
21/12/2012,575.5
24/12/2012,574.5
26/12/2012,578.5
27/12/2012,586.5
28/12/2012,595
31/12/2012,602
2/1/2013,603
3/1/2013,606
4/1/2013,608.5
7/1/2013,614
8/1/2013,613
9/1/2013,615
10/1/2013,618.5
11/1/2013,622
14/1/2013,621
15/1/2013,620.5
16/1/2013,617.5
17/1/2013,615
18/1/2013,616
21/1/2013,616.5
22/1/2013,614.5
23/1/2013,613.5
25/1/2013,612.5
29/1/2013,613.5
30/1/2013,612.5
31/1/2013,611
4/2/2013,613
5/2/2013,615
6/2/2013,617
7/2/2013,618.5
8/2/2013,619
13/2/2013,619
14/2/2013,618
15/2/2013,616
18/2/2013,617.5
19/2/2013,617.5
20/2/2013,616.5
21/2/2013,613
22/2/2013,613.5
25/2/2013,614
26/2/2013,611.5
27/2/2013,609
28/2/2013,611.5
1/3/2013,611
4/3/2013,609
5/3/2013,612
6/3/2013,612
7/3/2013,614
8/3/2013,616.5
11/3/2013,621
12/3/2013,620.5
13/3/2013,617.5
14/3/2013,611.5
15/3/2013,612
18/3/2013,610
19/3/2013,610.5
20/3/2013,611
21/3/2013,614.5
22/3/2013,614
25/3/2013,613.5
26/3/2013,612
27/3/2013,612
28/3/2013,610.5
1/4/2013,607
2/4/2013,602
3/4/2013,599.5
4/4/2013,594
5/4/2013,589
8/4/2013,586
9/4/2013,589
10/4/2013,589.5
11/4/2013,589
12/4/2013,588
15/4/2013,580.5
16/4/2013,573.5
17/4/2013,571
18/4/2013,567
19/4/2013,562
22/4/2013,562
23/4/2013,563
24/4/2013,566.5
25/4/2013,572
26/4/2013,577.5
29/4/2013,578
30/4/2013,581.5
2/5/2013,581.5
3/5/2013,580
6/5/2013,580
7/5/2013,580.5
8/5/2013,579
9/5/2013,579
10/5/2013,584
13/5/2013,587
14/5/2013,586.5
15/5/2013,585.5
16/5/2013,584.5
17/5/2013,584.5
20/5/2013,587
21/5/2013,588.5
22/5/2013,591
23/5/2013,589
27/5/2013,585.5
28/5/2013,584.5
29/5/2013,584.5
30/5/2013,582
31/5/2013,580.5
3/6/2013,577.5
4/6/2013,573.5
5/6/2013,568
6/6/2013,563
7/6/2013,557
10/6/2013,552
11/6/2013,550
12/6/2013,545
13/6/2013,537.5
14/6/2013,535.5
17/6/2013,536
18/6/2013,538.5
19/6/2013,544
20/6/2013,550.5
21/6/2013,551.5
24/6/2013,550
25/6/2013,548.5
26/6/2013,544.5
27/6/2013,540
28/6/2013,536.5
1/7/2013,534
2/7/2013,530.5
3/7/2013,530.5
4/7/2013,528
5/7/2013,527.5
8/7/2013,525
9/7/2013,523
10/7/2013,519
11/7/2013,518.5
12/7/2013,519.5
15/7/2013,517.5
16/7/2013,515
17/7/2013,517
18/7/2013,521
19/7/2013,524.5
22/7/2013,526
23/7/2013,528.5
24/7/2013,528.5
25/7/2013,528
26/7/2013,526.5
29/7/2013,520.5
30/7/2013,518
31/7/2013,514.5
1/8/2013,513.5
2/8/2013,514
5/8/2013,512.5
6/8/2013,509.5
7/8/2013,509.5
12/8/2013,515.5
13/8/2013,524.5
14/8/2013,528
15/8/2013,528.5
16/8/2013,528
19/8/2013,529.5
20/8/2013,530.5
21/8/2013,528
22/8/2013,529.5
23/8/2013,531
26/8/2013,533
27/8/2013,539
28/8/2013,543.5
29/8/2013,545
30/8/2013,548
2/9/2013,548.5
3/9/2013,552.5
4/9/2013,555
5/9/2013,555
6/9/2013,556.5
9/9/2013,560.5
10/9/2013,563
11/9/2013,564
12/9/2013,563.5
13/9/2013,562
17/9/2013,562.5
18/9/2013,561
19/9/2013,560.5
20/9/2013,557
23/9/2013,554
24/9/2013,551.5
25/9/2013,548.5
26/9/2013,547
27/9/2013,544.5
30/9/2013,541
1/10/2013,539.5
2/10/2013,536
3/10/2013,534.5
4/10/2013,531.5
7/10/2013,529
8/10/2013,530.5
9/10/2013,531.5
10/10/2013,529.5
11/10/2013,531
14/10/2013,531
16/10/2013,531
17/10/2013,531.5
18/10/2013,529
21/10/2013,528.5
22/10/2013,528.5
23/10/2013,526
24/10/2013,523.5
25/10/2013,522.5
28/10/2013,520
29/10/2013,520
30/10/2013,521
31/10/2013,520.5
1/11/2013,519
4/11/2013,520.5
6/11/2013,518.5
7/11/2013,517
8/11/2013,516.5
11/11/2013,517
12/11/2013,515
13/11/2013,514
14/11/2013,513.5
15/11/2013,514.5
18/11/2013,512.5
19/11/2013,510
20/11/2013,509
21/11/2013,507.5
22/11/2013,507.5
25/11/2013,508.5
26/11/2013,507.5
27/11/2013,506.5
28/11/2013,506.5
29/11/2013,508
2/12/2013,513
3/12/2013,514
4/12/2013,514.5
5/12/2013,516.5
6/12/2013,518.5
9/12/2013,523
10/12/2013,528
11/12/2013,532
12/12/2013,536.5
13/12/2013,541.5
16/12/2013,545
17/12/2013,548.5
18/12/2013,549
19/12/2013,549
20/12/2013,550
23/12/2013,550
24/12/2013,549
26/12/2013,549.5
27/12/2013,547.5
30/12/2013,542.5
31/12/2013,536
2/1/2014,530.5
3/1/2014,517.5
6/1/2014,504
7/1/2014,497
8/1/2014,489.5
9/1/2014,485
10/1/2014,480.5
13/1/2014,476.5
15/1/2014,475
16/1/2014,478
20/1/2014,480
21/1/2014,481
22/1/2014,483.5
23/1/2014,484.5
24/1/2014,482.5
27/1/2014,476.5
28/1/2014,471.5
29/1/2014,466.5
30/1/2014,462.5
4/2/2014,461
5/2/2014,458
6/2/2014,454.5
7/2/2014,453
10/2/2014,456.5
11/2/2014,460
12/2/2014,461
13/2/2014,462
14/2/2014,463
17/2/2014,465.5
18/2/2014,472
19/2/2014,477.5
20/2/2014,479
21/2/2014,480.5
24/2/2014,479.5
25/2/2014,478.5
26/2/2014,478.5
27/2/2014,476.5
28/2/2014,477.5
3/3/2014,476
4/3/2014,475.5
5/3/2014,479.5
6/3/2014,482
7/3/2014,484.5
10/3/2014,482
11/3/2014,485
12/3/2014,489.5
13/3/2014,492
14/3/2014,493.5
17/3/2014,494.5
18/3/2014,492
19/3/2014,492.5
20/3/2014,494
21/3/2014,495
24/3/2014,496.5
25/3/2014,498
26/3/2014,500
27/3/2014,500
28/3/2014,499.5
31/3/2014,499
1/4/2014,498.5
2/4/2014,498
3/4/2014,495.5
4/4/2014,495.5
7/4/2014,494.5
8/4/2014,494
9/4/2014,493
10/4/2014,486
11/4/2014,483
14/4/2014,479
15/4/2014,476
16/4/2014,473.5
17/4/2014,471
21/4/2014,463
22/4/2014,456.5
23/4/2014,453.5
24/4/2014,452
25/4/2014,451
28/4/2014,450
29/4/2014,451
30/4/2014,451
2/5/2014,452
5/5/2014,455
6/5/2014,456
7/5/2014,456
8/5/2014,455
9/5/2014,453
12/5/2014,452
14/5/2014,454
15/5/2014,455
16/5/2014,456
19/5/2014,457
20/5/2014,458
21/5/2014,460
22/5/2014,461
23/5/2014,462.5
26/5/2014,461
27/5/2014,462.5
28/5/2014,463
29/5/2014,463.5
30/5/2014,463
2/6/2014,460
3/6/2014,459
4/6/2014,458.5
5/6/2014,457
6/6/2014,457.5
9/6/2014,457
10/6/2014,456
11/6/2014,456.5
12/6/2014,459
13/6/2014,458.5
16/6/2014,460.5
17/6/2014,461
18/6/2014,462
19/6/2014,464.5
20/6/2014,464.5
23/6/2014,467
24/6/2014,468
25/6/2014,468
26/6/2014,469
27/6/2014,469
30/6/2014,468
1/7/2014,468
2/7/2014,468
3/7/2014,467
4/7/2014,466
7/7/2014,462
8/7/2014,458
9/7/2014,455
10/7/2014,453
11/7/2014,452
14/7/2014,451.5
16/7/2014,451.5
17/7/2014,450.5
18/7/2014,452.5
21/7/2014,451.5
22/7/2014,449
23/7/2014,446
24/7/2014,444.5
25/7/2014,443
30/7/2014,444
31/7/2014,445
1/8/2014,444.5
4/8/2014,442.5
5/8/2014,440.5
6/8/2014,438.5
7/8/2014,438
8/8/2014,437
11/8/2014,436.5
12/8/2014,435
13/8/2014,433.5
14/8/2014,429
15/8/2014,426.5
18/8/2014,421
19/8/2014,419.5
20/8/2014,417.5
21/8/2014,418
22/8/2014,417.5
25/8/2014,417.5
26/8/2014,415
27/8/2014,411.5
28/8/2014,411
29/8/2014,410.5
2/9/2014,411
3/9/2014,409.5
4/9/2014,409
5/9/2014,407.5
8/9/2014,405
9/9/2014,401.5
10/9/2014,396.5
11/9/2014,392.5
12/9/2014,389.5
15/9/2014,389
17/9/2014,390.5
18/9/2014,391.5
19/9/2014,391
22/9/2014,388.5
23/9/2014,386
24/9/2014,384
25/9/2014,382
26/9/2014,380
29/9/2014,379.5
30/9/2014,378.5
1/10/2014,376.5
2/10/2014,373.5
3/10/2014,372
7/10/2014,371
8/10/2014,371
9/10/2014,370
10/10/2014,369
13/10/2014,368.5
14/10/2014,370.5
15/10/2014,372.5
16/10/2014,372
17/10/2014,376.5
20/10/2014,383
21/10/2014,385
23/10/2014,387.5
24/10/2014,391
27/10/2014,395.5
28/10/2014,395
29/10/2014,395
30/10/2014,398
31/10/2014,399
3/11/2014,399
4/11/2014,399
5/11/2014,398
6/11/2014,397.5
7/11/2014,402
10/11/2014,405.5
11/11/2014,407
12/11/2014,408
13/11/2014,408.5
14/11/2014,407.5
17/11/2014,406.5
18/11/2014,403
19/11/2014,396.5
20/11/2014,393.5
21/11/2014,391
24/11/2014,388.5
25/11/2014,386.5
26/11/2014,384.5
27/11/2014,381.5
28/11/2014,379
1/12/2014,374
2/12/2014,371
3/12/2014,369
4/12/2014,366
5/12/2014,359.5
8/12/2014,357.5
9/12/2014,352
10/12/2014,350
11/12/2014,350
12/12/2014,350
15/12/2014,352
16/12/2014,355
17/12/2014,356
18/12/2014,357.5
19/12/2014,358
22/12/2014,361
23/12/2014,366
24/12/2014,368
26/12/2014,371
29/12/2014,373
30/12/2014,375
31/12/2014,377.5
2/1/2015,379
5/1/2015,387
6/1/2015,391.5
7/1/2015,391
8/1/2015,387.5
9/1/2015,386.5
12/1/2015,387
13/1/2015,386.5
14/1/2015,381
15/1/2015,378
16/1/2015,375.5
19/1/2015,373
20/1/2015,370.5
21/1/2015,368
22/1/2015,370
23/1/2015,370.5
26/1/2015,367
27/1/2015,366.5
28/1/2015,367.5
29/1/2015,365.5
30/1/2015,361.5
4/2/2015,365
5/2/2015,369
6/2/2015,371.5
9/2/2015,375
10/2/2015,378.5
11/2/2015,380.5
12/2/2015,383
13/2/2015,387.5
16/2/2015,391
17/2/2015,390.5
23/2/2015,391
24/2/2015,389.5
25/2/2015,390
26/2/2015,392
27/2/2015,396
2/3/2015,401
3/3/2015,403.5
4/3/2015,405
5/3/2015,407.5
6/3/2015,410
9/3/2015,411.5
10/3/2015,413.5
11/3/2015,415
12/3/2015,416
13/3/2015,419.5
16/3/2015,422.5
17/3/2015,425
18/3/2015,428
19/3/2015,428
20/3/2015,428
23/3/2015,429
24/3/2015,431
25/3/2015,432
26/3/2015,431.5
27/3/2015,430
30/3/2015,429
31/3/2015,427.5
1/4/2015,425
2/4/2015,423.5
6/4/2015,422
7/4/2015,420.5
8/4/2015,418
9/4/2015,415.5
10/4/2015,413.5
13/4/2015,412.5
14/4/2015,411.5
15/4/2015,410.5
16/4/2015,410
17/4/2015,407
20/4/2015,403.5
21/4/2015,403
22/4/2015,403
23/4/2015,403.5
24/4/2015,403.5
27/4/2015,405
28/4/2015,408.5
29/4/2015,409
30/4/2015,409
5/5/2015,413.5
6/5/2015,418
7/5/2015,424
8/5/2015,425.5
11/5/2015,429
12/5/2015,433
13/5/2015,435.5
14/5/2015,436.5
15/5/2015,438
18/5/2015,440
19/5/2015,443.5
20/5/2015,449.5
21/5/2015,460
22/5/2015,467.5
25/5/2015,469
26/5/2015,472.5
27/5/2015,477.5
28/5/2015,484.5
29/5/2015,487
1/6/2015,492
2/6/2015,500
3/6/2015,508
4/6/2015,512
5/6/2015,513
8/6/2015,511
9/6/2015,509.5
10/6/2015,507
11/6/2015,507.5
12/6/2015,506
15/6/2015,503
16/6/2015,502
17/6/2015,500
18/6/2015,496
19/6/2015,493.5
22/6/2015,489.5
23/6/2015,486.5
24/6/2015,485
25/6/2015,482.5
26/6/2015,477.5
29/6/2015,474
30/6/2015,468
1/7/2015,462
2/7/2015,455
3/7/2015,451
6/7/2015,436
7/7/2015,437
8/7/2015,435
9/7/2015,436
10/7/2015,436.5
13/7/2015,431
14/7/2015,431
15/7/2015,432
16/7/2015,435.5
20/7/2015,437
21/7/2015,439.5
22/7/2015,442.5
23/7/2015,443
24/7/2015,442
27/7/2015,437.5
28/7/2015,434
29/7/2015,431.5
30/7/2015,429
31/7/2015,427
3/8/2015,422
4/8/2015,418.5
5/8/2015,416.5
6/8/2015,415.5
7/8/2015,415.5
10/8/2015,415
11/8/2015,414
12/8/2015,412.5
13/8/2015,414
14/8/2015,416.5
17/8/2015,418.5
18/8/2015,422.5
19/8/2015,423
20/8/2015,421.5
21/8/2015,421
24/8/2015,419
25/8/2015,418
26/8/2015,416.5
27/8/2015,415
28/8/2015,415.5
1/9/2015,414.5
2/9/2015,413
3/9/2015,411
4/9/2015,409
7/9/2015,407.5
8/9/2015,408
9/9/2015,411
10/9/2015,414
11/9/2015,418.5
14/9/2015,420
15/9/2015,418
17/9/2015,417
18/9/2015,414.5
21/9/2015,413
22/9/2015,411.5
23/9/2015,409
25/9/2015,411.5
28/9/2015,413
29/9/2015,412
30/9/2015,411
1/10/2015,409.5
2/10/2015,410
5/10/2015,411.5
6/10/2015,411.5
7/10/2015,412
8/10/2015,411.5
9/10/2015,409
12/10/2015,408
13/10/2015,407.5
15/10/2015,409
16/10/2015,408
19/10/2015,406
20/10/2015,405
21/10/2015,403
22/10/2015,401
23/10/2015,399
26/10/2015,397
27/10/2015,395.5
28/10/2015,392
29/10/2015,389.5
30/10/2015,387
2/11/2015,384.5
3/11/2015,381.5
4/11/2015,377
5/11/2015,375.5
6/11/2015,374.5
9/11/2015,374.5
11/11/2015,377
12/11/2015,377.5
13/11/2015,378
16/11/2015,379
17/11/2015,378
18/11/2015,377
19/11/2015,378
20/11/2015,378.5
23/11/2015,377.5
24/11/2015,373
25/11/2015,369.5
26/11/2015,366.5
27/11/2015,366
30/11/2015,366
1/12/2015,369
2/12/2015,371.5
3/12/2015,372
4/12/2015,365.5
7/12/2015,363
8/12/2015,363.5
9/12/2015,363.5
10/12/2015,361.5
11/12/2015,360
14/12/2015,362.5
15/12/2015,362
16/12/2015,360.5
17/12/2015,360.5
18/12/2015,360
21/12/2015,358.5
22/12/2015,356
23/12/2015,353.5
28/12/2015,352.5
29/12/2015,346.5
30/12/2015,338.5
31/12/2015,331.5
4/1/2016,328
5/1/2016,323.5
6/1/2016,326
7/1/2016,328.5
8/1/2016,330.5
11/1/2016,328
12/1/2016,326
13/1/2016,331
14/1/2016,334.5
15/1/2016,341.5
18/1/2016,348
19/1/2016,355.5
20/1/2016,363
21/1/2016,369.5
22/1/2016,376
26/1/2016,377.5
27/1/2016,375
28/1/2016,372
29/1/2016,369
2/2/2016,365
3/2/2016,364
4/2/2016,363.5
5/2/2016,361
10/2/2016,356
11/2/2016,348
12/2/2016,345.5
15/2/2016,348
16/2/2016,349
17/2/2016,347.5
18/2/2016,345
19/2/2016,343.5
22/2/2016,347
23/2/2016,355
24/2/2016,362
25/2/2016,365
26/2/2016,367.5
29/2/2016,368
1/3/2016,366
2/3/2016,367
3/3/2016,369
4/3/2016,378
7/3/2016,392
8/3/2016,393
9/3/2016,397
10/3/2016,392
11/3/2016,388.5
14/3/2016,411
15/3/2016,413
16/3/2016,411
17/3/2016,418
18/3/2016,431.5
21/3/2016,429
22/3/2016,427
23/3/2016,427.5
24/3/2016,426
28/3/2016,429.5
29/3/2016,438
30/3/2016,442.5
31/3/2016,441
1/4/2016,433.5
4/4/2016,436.5
5/4/2016,443
6/4/2016,451
7/4/2016,450
8/4/2016,452.5
11/4/2016,462
12/4/2016,466
13/4/2016,472
14/4/2016,469.5
15/4/2016,474
18/4/2016,472
19/4/2016,474
20/4/2016,480.5
21/4/2016,485.5
22/4/2016,490.5
25/4/2016,492.5
26/4/2016,501
27/4/2016,509
28/4/2016,512
29/4/2016,509
3/5/2016,505
4/5/2016,507
5/5/2016,511
6/5/2016,506.5
9/5/2016,505
10/5/2016,505.5
11/5/2016,509.5
12/5/2016,507
13/5/2016,500
16/5/2016,493
17/5/2016,485.5
18/5/2016,484
19/5/2016,479.5
20/5/2016,473
23/5/2016,469.5
24/5/2016,467.5
25/5/2016,463.5
26/5/2016,454
27/5/2016,448.5
30/5/2016,453.5
31/5/2016,457
1/6/2016,451
2/6/2016,457
3/6/2016,453
6/6/2016,449
7/6/2016,455.5
8/6/2016,444
9/6/2016,429.5
10/6/2016,418.5
13/6/2016,431.5
14/6/2016,440
15/6/2016,448.5
16/6/2016,446.5
17/6/2016,444
20/6/2016,445.5
21/6/2016,446
23/6/2016,445.5
24/6/2016,445.5
27/6/2016,444
28/6/2016,442.5
29/6/2016,440.5
30/6/2016,439
1/7/2016,436
4/7/2016,436
5/7/2016,436.5
11/7/2016,428.5
12/7/2016,427.5
13/7/2016,425
14/7/2016,422
15/7/2016,425
18/7/2016,423
19/7/2016,425
20/7/2016,426
21/7/2016,431
22/7/2016,452
25/7/2016,455
26/7/2016,458
27/7/2016,464
28/7/2016,458.5
29/7/2016,455.5
1/8/2016,454
2/8/2016,446.5
3/8/2016,456
4/8/2016,458.5
5/8/2016,453
8/8/2016,447
9/8/2016,441.5
10/8/2016,435
11/8/2016,429.5
12/8/2016,430
15/8/2016,436.5
16/8/2016,440
17/8/2016,441.5
18/8/2016,440
19/8/2016,441.5
22/8/2016,443.5
23/8/2016,439.5
24/8/2016,430
25/8/2016,424.5
26/8/2016,424.5
29/8/2016,423
30/8/2016,422
1/9/2016,433
2/9/2016,440
5/9/2016,447.5
6/9/2016,446
7/9/2016,443
8/9/2016,448.5
9/9/2016,454
13/9/2016,455
14/9/2016,454
15/9/2016,456
19/9/2016,458.5
20/9/2016,462
21/9/2016,464
22/9/2016,467.5
23/9/2016,467
26/9/2016,466
27/9/2016,463
28/9/2016,466.5
29/9/2016,465.5
30/9/2016,465.5
4/10/2016,467
5/10/2016,463.5
6/10/2016,463.5
7/10/2016,469
10/10/2016,474
11/10/2016,478.5
12/10/2016,485.5
13/10/2016,486.5
14/10/2016,487
17/10/2016,488.5
18/10/2016,486.5
19/10/2016,488
20/10/2016,494
21/10/2016,496
24/10/2016,500
25/10/2016,502.5
26/10/2016,503.5
27/10/2016,505
28/10/2016,507
31/10/2016,508.5
1/11/2016,509
2/11/2016,508.5
3/11/2016,502.5
4/11/2016,502
7/11/2016,501
8/11/2016,504.5
9/11/2016,511.5
10/11/2016,518.5
11/11/2016,524
14/11/2016,522.5
15/11/2016,528
16/11/2016,538
17/11/2016,545.5
18/11/2016,547
21/11/2016,555
22/11/2016,566.5
23/11/2016,569.5
24/11/2016,576.5
25/11/2016,578
28/11/2016,581
29/11/2016,580
30/11/2016,577
1/12/2016,576.5
2/12/2016,574.5
5/12/2016,575
6/12/2016,580
7/12/2016,583
8/12/2016,588.5
9/12/2016,588
13/12/2016,598
14/12/2016,614.5
15/12/2016,626.5
16/12/2016,636.5
19/12/2016,639.5
20/12/2016,639
21/12/2016,640
22/12/2016,643
23/12/2016,644
27/12/2016,640.5
28/12/2016,642
29/12/2016,643
30/12/2016,645.5
3/1/2017,648
4/1/2017,645.5
5/1/2017,646
6/1/2017,645
9/1/2017,648.5
10/1/2017,651.5
11/1/2017,656.5
12/1/2017,667.5
13/1/2017,686
16/1/2017,699
17/1/2017,715
18/1/2017,729.5
19/1/2017,742.5
20/1/2017,752
23/1/2017,754
24/1/2017,759.5
25/1/2017,768.5
26/1/2017,787
27/1/2017,800.5
31/1/2017,812
2/2/2017,816.5
3/2/2017,812.5
6/2/2017,800
7/2/2017,791
8/2/2017,796
10/2/2017,795
13/2/2017,795.5
14/2/2017,796
15/2/2017,800
16/2/2017,805.5
17/2/2017,806.5
20/2/2017,806.5
21/2/2017,812.5
22/2/2017,811
23/2/2017,800
24/2/2017,778
27/2/2017,773
28/2/2017,775
1/3/2017,773
2/3/2017,774.5
3/3/2017,774.5
6/3/2017,777
7/3/2017,774.5
8/3/2017,763
9/3/2017,749
10/3/2017,759.5
13/3/2017,749.5
14/3/2017,738.5
15/3/2017,731
16/3/2017,727
17/3/2017,725
20/3/2017,724
21/3/2017,721.5
22/3/2017,718
23/3/2017,712
24/3/2017,708
27/3/2017,698
28/3/2017,694.5
29/3/2017,688.5
30/3/2017,679.5
31/3/2017,671.5
3/4/2017,671.5
4/4/2017,669
5/4/2017,671
6/4/2017,669.5
7/4/2017,664.5
10/4/2017,662
11/4/2017,659
12/4/2017,655
13/4/2017,653
17/4/2017,651
18/4/2017,642.5
19/4/2017,625
20/4/2017,614.5
21/4/2017,613.5
25/4/2017,612.5
26/4/2017,602
27/4/2017,599
28/4/2017,598
2/5/2017,606
3/5/2017,617
4/5/2017,617.5
5/5/2017,616
8/5/2017,613
9/5/2017,614
11/5/2017,616
12/5/2017,620
15/5/2017,626.5
16/5/2017,632
17/5/2017,638
18/5/2017,639
19/5/2017,642
22/5/2017,649.5
23/5/2017,653
24/5/2017,654
25/5/2017,646
26/5/2017,631.5
29/5/2017,638
30/5/2017,638
31/5/2017,634
1/6/2017,633
2/6/2017,631
5/6/2017,621.5
6/6/2017,605
7/6/2017,587.5
8/6/2017,573
9/6/2017,567.5
13/6/2017,574.5
14/6/2017,567.5
15/6/2017,562
16/6/2017,556
19/6/2017,559.5
20/6/2017,555
21/6/2017,550.5
22/6/2017,543.5
23/6/2017,539.5
28/6/2017,541.5
29/6/2017,554.5
30/6/2017,566
3/7/2017,564.5
4/7/2017,556.5
5/7/2017,547
6/7/2017,538
7/7/2017,520.5
10/7/2017,511
11/7/2017,495.5
12/7/2017,494.5
13/7/2017,499.5
14/7/2017,499
17/7/2017,501
18/7/2017,507.5
19/7/2017,511.5
20/7/2017,518
21/7/2017,518
24/7/2017,518.5
25/7/2017,529
26/7/2017,519
27/7/2017,513
28/7/2017,506
31/7/2017,501.5
1/8/2017,500
2/8/2017,499.5
3/8/2017,499
4/8/2017,501
7/8/2017,509
8/8/2017,526
9/8/2017,536.5
10/8/2017,549.5
11/8/2017,561.5
14/8/2017,561.5
15/8/2017,558
16/8/2017,553
17/8/2017,561
18/8/2017,563
21/8/2017,575
22/8/2017,572
23/8/2017,565
24/8/2017,556.5
25/8/2017,559
28/8/2017,553
29/8/2017,550.5
30/8/2017,548
5/9/2017,560
6/9/2017,584
7/9/2017,584.5
8/9/2017,591.5
11/9/2017,592.5
12/9/2017,590.5
13/9/2017,588.5
14/9/2017,581.5
15/9/2017,566
18/9/2017,556
19/9/2017,537
20/9/2017,522.5
21/9/2017,516
25/9/2017,513.5
26/9/2017,523.5
27/9/2017,518
28/9/2017,515.5
29/9/2017,500.5
2/10/2017,484.5
3/10/2017,500.5
4/10/2017,513
5/10/2017,514.5
6/10/2017,513
9/10/2017,518
10/10/2017,514.5
11/10/2017,503
12/10/2017,486.5
13/10/2017,483
16/10/2017,485
17/10/2017,494
19/10/2017,493.5
20/10/2017,479.5
23/10/2017,465
24/10/2017,463.5
25/10/2017,463
26/10/2017,474
27/10/2017,484
30/10/2017,481
31/10/2017,463.5
1/11/2017,470
2/11/2017,487
3/11/2017,482.5
6/11/2017,482.5
7/11/2017,491.5
8/11/2017,495
9/11/2017,489.5
10/11/2017,480.5
13/11/2017,473.5
14/11/2017,471.5
15/11/2017,470
16/11/2017,469.5
17/11/2017,467
20/11/2017,466
21/11/2017,458.5
22/11/2017,454.5
23/11/2017,458
24/11/2017,470
27/11/2017,475
28/11/2017,481
29/11/2017,476.5
30/11/2017,478
4/12/2017,493.5
5/12/2017,514
6/12/2017,512.5
7/12/2017,511
8/12/2017,496.5
11/12/2017,481.5
12/12/2017,463
13/12/2017,460
14/12/2017,480
15/12/2017,465.5
18/12/2017,458.5
19/12/2017,451.5
20/12/2017,450
21/12/2017,452.5
22/12/2017,452
26/12/2017,452
27/12/2017,466.5
28/12/2017,466.5
29/12/2017,462
2/1/2018,467.5
3/1/2018,471.5
4/1/2018,465.5
5/1/2018,463.5
8/1/2018,462.5
9/1/2018,468.5
10/1/2018,472
11/1/2018,469.5
12/1/2018,482.5
15/1/2018,487
16/1/2018,494.5
17/1/2018,491.5
18/1/2018,492
19/1/2018,493
22/1/2018,493.5
23/1/2018,490
24/1/2018,472
25/1/2018,464.5
26/1/2018,468
29/1/2018,455
30/1/2018,450
2/2/2018,458
5/2/2018,453
6/2/2018,459
7/2/2018,459
8/2/2018,466.5
9/2/2018,463
12/2/2018,458.5
13/2/2018,460.5
14/2/2018,448.5
15/2/2018,445
19/2/2018,439
20/2/2018,439
21/2/2018,446.5
22/2/2018,458
23/2/2018,461.5
26/2/2018,460.5
27/2/2018,466.5
28/2/2018,478.5
1/3/2018,485
2/3/2018,487.5
5/3/2018,488.5
6/3/2018,494.5
7/3/2018,499
8/3/2018,499
9/3/2018,499
12/3/2018,493
13/3/2018,482.5
14/3/2018,481
15/3/2018,473
16/3/2018,470
19/3/2018,474.5
20/3/2018,469
21/3/2018,456.5
22/3/2018,457
23/3/2018,448.5
26/3/2018,437.5
27/3/2018,434.5
28/3/2018,434
29/3/2018,432.5
2/4/2018,432
3/4/2018,431.5
4/4/2018,426
5/4/2018,440
6/4/2018,453
9/4/2018,452.5
10/4/2018,449
11/4/2018,446.5
12/4/2018,446
13/4/2018,450.5
16/4/2018,450
17/4/2018,444
18/4/2018,443
19/4/2018,447
20/4/2018,446.5
23/4/2018,448
24/4/2018,446
25/4/2018,444.5
26/4/2018,446.5
27/4/2018,456
30/4/2018,456.5
2/5/2018,460
3/5/2018,465.5
4/5/2018,474.5
7/5/2018,483.5
8/5/2018,490
14/5/2018,496
15/5/2018,488.5
16/5/2018,476.5
17/5/2018,478.5
18/5/2018,485.5
21/5/2018,493.5
22/5/2018,497.5
23/5/2018,502
24/5/2018,503
25/5/2018,500
28/5/2018,496.5
30/5/2018,492.5
31/5/2018,483
1/6/2018,472.5
4/6/2018,467.5
5/6/2018,456.5
6/6/2018,445
7/6/2018,438
8/6/2018,441
11/6/2018,443.5
12/6/2018,440
13/6/2018,431.5
14/6/2018,428.5
18/6/2018,429.5
19/6/2018,436
20/6/2018,425.5
21/6/2018,431.5
22/6/2018,429
25/6/2018,431.5
26/6/2018,432.5
27/6/2018,435.5
28/6/2018,439
29/6/2018,442.5
2/7/2018,439.5
3/7/2018,429.5
4/7/2018,427.5
5/7/2018,417.5
6/7/2018,411
9/7/2018,413
10/7/2018,408.5
11/7/2018,405.5
12/7/2018,400
13/7/2018,408.5
16/7/2018,416
17/7/2018,422.5
18/7/2018,418.5
19/7/2018,414.5
20/7/2018,416
23/7/2018,411.5
24/7/2018,414.5
25/7/2018,419
26/7/2018,421.5
27/7/2018,417
30/7/2018,406
31/7/2018,401
1/8/2018,401.5
2/8/2018,405.5
3/8/2018,408
6/8/2018,410.5
7/8/2018,414
8/8/2018,410.5
9/8/2018,406.5
10/8/2018,408
13/8/2018,410
14/8/2018,411.5
15/8/2018,414.5
16/8/2018,404.5
17/8/2018,405.5
20/8/2018,405
21/8/2018,404
23/8/2018,408.5
24/8/2018,406
27/8/2018,403
28/8/2018,405
29/8/2018,401.5
30/8/2018,402.5
3/9/2018,404.5
4/9/2018,405
5/9/2018,408
6/9/2018,408
7/9/2018,409
12/9/2018,410.5
13/9/2018,413
14/9/2018,415
18/9/2018,414
19/9/2018,412
20/9/2018,412.5
21/9/2018,411.5
24/9/2018,410.5
25/9/2018,409.5
26/9/2018,408
27/9/2018,404.5
28/9/2018,400.5
1/10/2018,396.5
2/10/2018,403.5
3/10/2018,402
4/10/2018,405
5/10/2018,404.5
8/10/2018,402.5
9/10/2018,410.5
10/10/2018,408
11/10/2018,404.5
12/10/2018,403.5
15/10/2018,401
16/10/2018,407.5
17/10/2018,403
18/10/2018,407
19/10/2018,404.5
22/10/2018,405.5
23/10/2018,406
24/10/2018,401.5
25/10/2018,397.5
26/10/2018,395.5
29/10/2018,390.5
30/10/2018,388
31/10/2018,386.5
1/11/2018,390
2/11/2018,392.5
5/11/2018,390.5
7/11/2018,399.5
8/11/2018,393.5
9/11/2018,390
12/11/2018,393
13/11/2018,388
14/11/2018,383
15/11/2018,381
16/11/2018,378
19/11/2018,375
21/11/2018,373
22/11/2018,374
23/11/2018,370
26/11/2018,371
27/11/2018,369.5
28/11/2018,369.5
29/11/2018,365
30/11/2018,366.5
3/12/2018,370
4/12/2018,369.5
5/12/2018,378.5
6/12/2018,376.5
7/12/2018,377
10/12/2018,374.5
11/12/2018,373.5
12/12/2018,374
13/12/2018,377
14/12/2018,376
17/12/2018,380
18/12/2018,381
19/12/2018,379.5
20/12/2018,382
21/12/2018,381.5
24/12/2018,379.5
26/12/2018,374
27/12/2018,377.5
28/12/2018,379
31/12/2018,379.5
2/1/2019,381
3/1/2019,384.5
4/1/2019,392
7/1/2019,391
8/1/2019,398.5
9/1/2019,402
10/1/2019,399.5
11/1/2019,399.5
14/1/2019,396.5
15/1/2019,395
16/1/2019,396
17/1/2019,393
18/1/2019,394
22/1/2019,396.5
23/1/2019,392.5
24/1/2019,392.5
25/1/2019,392
28/1/2019,392.5
29/1/2019,389.5
30/1/2019,391
31/1/2019,390
4/2/2019,389
7/2/2019,391
8/2/2019,386
11/2/2019,388
12/2/2019,394
13/2/2019,398.5
14/2/2019,405
15/2/2019,405
18/2/2019,412
19/2/2019,420.5
20/2/2019,422
21/2/2019,423.5
22/2/2019,422.5
25/2/2019,426
26/2/2019,430.5
27/2/2019,432.5
28/2/2019,432.5
1/3/2019,438.5
4/3/2019,456
5/3/2019,456
6/3/2019,453.5
7/3/2019,458
8/3/2019,460.5
11/3/2019,465.5
12/3/2019,473.5
13/3/2019,480
14/3/2019,486.5
15/3/2019,486
18/3/2019,488
19/3/2019,488.5
20/3/2019,486.5
21/3/2019,487
22/3/2019,488
25/3/2019,484
26/3/2019,484.5
27/3/2019,479.5
28/3/2019,478
29/3/2019,480
1/4/2019,480
2/4/2019,485
3/4/2019,492.5
4/4/2019,493.5
5/4/2019,497
8/4/2019,501
9/4/2019,510.5
10/4/2019,510
11/4/2019,508.5
12/4/2019,505
15/4/2019,504
16/4/2019,504.5
17/4/2019,501.5
18/4/2019,497
22/4/2019,492
23/4/2019,488.5
24/4/2019,488
25/4/2019,488
26/4/2019,489
29/4/2019,486.5
30/4/2019,484
2/5/2019,486
3/5/2019,481.5
6/5/2019,476.5
7/5/2019,478
8/5/2019,475.5
9/5/2019,476.5
10/5/2019,478.5
13/5/2019,479.5
14/5/2019,481
15/5/2019,480.5
16/5/2019,486
17/5/2019,483.5
21/5/2019,486
23/5/2019,488
24/5/2019,488.5
27/5/2019,491.5
28/5/2019,494.5
29/5/2019,491.5
30/5/2019,489.5
31/5/2019,493.5
3/6/2019,486.5
4/6/2019,495
7/6/2019,502.5
10/6/2019,501
11/6/2019,502
12/6/2019,503
13/6/2019,502
14/6/2019,499.5
17/6/2019,499
18/6/2019,495
19/6/2019,494
20/6/2019,492
21/6/2019,492
24/6/2019,491
25/6/2019,493.5
26/6/2019,496
27/6/2019,498
28/6/2019,497
1/7/2019,497
2/7/2019,491
3/7/2019,491.5
4/7/2019,488
5/7/2019,491
8/7/2019,486
9/7/2019,477.5
10/7/2019,476.5
11/7/2019,474.5
12/7/2019,472
15/7/2019,473.5
16/7/2019,471
17/7/2019,472
18/7/2019,470.5
19/7/2019,470
22/7/2019,470
23/7/2019,470.5
24/7/2019,471
25/7/2019,471
26/7/2019,469
29/7/2019,464.5
31/7/2019,459
1/8/2019,455
2/8/2019,445.5
5/8/2019,440
6/8/2019,443.5
7/8/2019,440
8/8/2019,439.5
9/8/2019,440.5
13/8/2019,440.5
14/8/2019,439
15/8/2019,439
16/8/2019,439.5
19/8/2019,441
20/8/2019,442
21/8/2019,438.5
22/8/2019,436.5
23/8/2019,435
26/8/2019,434.5
27/8/2019,434
28/8/2019,436
29/8/2019,432.5
30/8/2019,431
3/9/2019,434
4/9/2019,440
5/9/2019,437.5
6/9/2019,440
10/9/2019,437
11/9/2019,440
12/9/2019,439.5
13/9/2019,440
17/9/2019,446
18/9/2019,442
19/9/2019,442
20/9/2019,440
23/9/2019,440.5
24/9/2019,439.5
25/9/2019,436
26/9/2019,437.5
27/9/2019,426.5
30/9/2019,431
1/10/2019,427
2/10/2019,429.5
3/10/2019,425
4/10/2019,423
7/10/2019,424
8/10/2019,424.5
9/10/2019,424.5
10/10/2019,427.5
11/10/2019,422
14/10/2019,421.5
15/10/2019,420.5
16/10/2019,422
17/10/2019,422.5
18/10/2019,424
21/10/2019,424.5
22/10/2019,428
23/10/2019,429
24/10/2019,427.5
25/10/2019,427
29/10/2019,428.5
30/10/2019,429
31/10/2019,432.5
1/11/2019,433.5
4/11/2019,431
5/11/2019,435.5
6/11/2019,436.5
7/11/2019,435
8/11/2019,430.5
11/11/2019,431.5
12/11/2019,436
13/11/2019,437.5
14/11/2019,442
15/11/2019,438
18/11/2019,439.5
19/11/2019,439.5
20/11/2019,448
21/11/2019,447.5
22/11/2019,447
25/11/2019,450.5
26/11/2019,447.5
27/11/2019,450.5
28/11/2019,449.5
29/11/2019,445
2/12/2019,447.5
3/12/2019,449.5
4/12/2019,449
5/12/2019,451
6/12/2019,454.5
9/12/2019,458.5
10/12/2019,459
11/12/2019,455.5
12/12/2019,459
13/12/2019,461.5
16/12/2019,458.5
17/12/2019,460.5
18/12/2019,458.5
19/12/2019,452
20/12/2019,455
23/12/2019,454.5
24/12/2019,454
26/12/2019,456
27/12/2019,455
30/12/2019,456.5
31/12/2019,453
2/1/2020,455
3/1/2020,452
6/1/2020,455.5
7/1/2020,458
8/1/2020,462
9/1/2020,462
10/1/2020,460.5
13/1/2020,468
14/1/2020,468
15/1/2020,467.5
16/1/2020,470
17/1/2020,470.5
20/1/2020,467
21/1/2020,465
22/1/2020,462
23/1/2020,462.5
28/1/2020,446
29/1/2020,445
30/1/2020,447
31/1/2020,448.5
3/2/2020,434
4/2/2020,430
5/2/2020,436.5
6/2/2020,443
7/2/2020,449.5
10/2/2020,454.5
11/2/2020,461
12/2/2020,466
13/2/2020,468
14/2/2020,465.5
17/2/2020,461.5
18/2/2020,462
19/2/2020,462
20/2/2020,463
21/2/2020,465
24/2/2020,462
25/2/2020,462
26/2/2020,466.5
27/2/2020,463.5
28/2/2020,459
2/3/2020,456
3/3/2020,459
4/3/2020,453.5
5/3/2020,453
6/3/2020,448.5
9/3/2020,438
10/3/2020,444.5
11/3/2020,447
12/3/2020,439.5
13/3/2020,437
16/3/2020,436.5
17/3/2020,438
18/3/2020,445
19/3/2020,426.5
20/3/2020,426.5
23/3/2020,417.5
24/3/2020,421.5
25/3/2020,425.5
26/3/2020,427.5
27/3/2020,419.5
30/3/2020,412
31/3/2020,412.5
1/4/2020,409
2/4/2020,405.5
3/4/2020,406.5
6/4/2020,405.5
7/4/2020,405.5
8/4/2020,413.5
9/4/2020,416.5
13/4/2020,414
14/4/2020,413.5
15/4/2020,415
16/4/2020,416
17/4/2020,419
20/4/2020,424
21/4/2020,419
22/4/2020,414
23/4/2020,415
24/4/2020,419
27/4/2020,416
28/4/2020,412.5
29/4/2020,409
30/4/2020,410.5
4/5/2020,412.5
5/5/2020,415.5
6/5/2020,420.5
8/5/2020,423
12/5/2020,422.5
13/5/2020,426
14/5/2020,427
15/5/2020,430.5
18/5/2020,433
19/5/2020,436.5
20/5/2020,441
21/5/2020,443.5
22/5/2020,441
27/5/2020,443.5
28/5/2020,448.5
29/5/2020,450
1/6/2020,456
2/6/2020,460.5
3/6/2020,462
4/6/2020,463.5
5/6/2020,471
9/6/2020,475
10/6/2020,481.5
11/6/2020,485
12/6/2020,486
15/6/2020,490.5
16/6/2020,496.5
17/6/2020,489
18/6/2020,484
19/6/2020,485.5
22/6/2020,483
23/6/2020,483.5
24/6/2020,483
25/6/2020,485
26/6/2020,484.5
29/6/2020,486
30/6/2020,487
1/7/2020,484.5
2/7/2020,482.5
3/7/2020,479.5
6/7/2020,478.5
7/7/2020,478.5
8/7/2020,471
9/7/2020,468
10/7/2020,468.5
13/7/2020,468
14/7/2020,466.5
15/7/2020,466
16/7/2020,466.5
17/7/2020,468.5
20/7/2020,466
21/7/2020,463.5
22/7/2020,458
23/7/2020,455.5
24/7/2020,457
27/7/2020,456.5
28/7/2020,457.5
29/7/2020,457.5
30/7/2020,460.5
3/8/2020,459
4/8/2020,457.5
5/8/2020,459
6/8/2020,460.5
7/8/2020,471
10/8/2020,470
11/8/2020,468
12/8/2020,466.5
13/8/2020,468.5
14/8/2020,470
17/8/2020,469.5
18/8/2020,468.5
19/8/2020,469
21/8/2020,470
24/8/2020,471
25/8/2020,474
26/8/2020,471
27/8/2020,472.5
28/8/2020,471
1/9/2020,478.5
2/9/2020,479
3/9/2020,479.5
4/9/2020,474
7/9/2020,477.5
8/9/2020,478.5
9/9/2020,475.5
10/9/2020,475.5
11/9/2020,474.5
14/9/2020,481
15/9/2020,486.5
17/9/2020,490
18/9/2020,489
21/9/2020,491
22/9/2020,487.5
23/9/2020,485.5
24/9/2020,489.5
25/9/2020,497.5
28/9/2020,497
29/9/2020,495.5
30/9/2020,493.5
1/10/2020,491
2/10/2020,495
5/10/2020,499
6/10/2020,502.5
7/10/2020,505
8/10/2020,513
9/10/2020,516
12/10/2020,522
13/10/2020,525
14/10/2020,526.5
15/10/2020,532.5
16/10/2020,540
19/10/2020,558
20/10/2020,573
21/10/2020,625.5
22/10/2020,642.5
23/10/2020,669.5
26/10/2020,685
27/10/2020,700.5
28/10/2020,730
30/10/2020,747.5
2/11/2020,751.5
3/11/2020,748
4/11/2020,738
5/11/2020,677.5
6/11/2020,672
9/11/2020,625
10/11/2020,616
11/11/2020,613
12/11/2020,603
13/11/2020,594
16/11/2020,590
17/11/2020,590
18/11/2020,585
19/11/2020,580.5
20/11/2020,578.5
23/11/2020,582.5
24/11/2020,580.5
25/11/2020,576
26/11/2020,574.5
27/11/2020,575.5
30/11/2020,585
1/12/2020,588
2/12/2020,587.5
3/12/2020,591.5
4/12/2020,586
7/12/2020,592.5
8/12/2020,600.5
9/12/2020,595.5
10/12/2020,591.5
11/12/2020,587
14/12/2020,583
15/12/2020,580.5
16/12/2020,577.5
17/12/2020,581
18/12/2020,583
21/12/2020,587.5
22/12/2020,588
23/12/2020,575
24/12/2020,574.5
28/12/2020,573
29/12/2020,562
30/12/2020,553.5
4/1/2021,562.5
5/1/2021,563.5
6/1/2021,557.5
7/1/2021,559
8/1/2021,557.5
11/1/2021,558
12/1/2021,559
13/1/2021,557.5
14/1/2021,553
15/1/2021,551.5
18/1/2021,553
19/1/2021,549.5
20/1/2021,546.5
21/1/2021,548.5
22/1/2021,542
25/1/2021,537.5
26/1/2021,534.5
27/1/2021,532.5
29/1/2021,532
2/2/2021,541
3/2/2021,546
4/2/2021,549.5
5/2/2021,556
8/2/2021,564
9/2/2021,566
10/2/2021,562.5
15/2/2021,562.5
16/2/2021,567
17/2/2021,573.5
18/2/2021,576.5
19/2/2021,588
22/2/2021,607.5
23/2/2021,627
24/2/2021,641.5
25/2/2021,678
26/2/2021,688
1/3/2021,679.5
2/3/2021,677.5
3/3/2021,676
4/3/2021,672
5/3/2021,672.5
8/3/2021,672.5
9/3/2021,677.5
10/3/2021,685
11/3/2021,681.5
12/3/2021,690.5
15/3/2021,695
16/3/2021,691
17/3/2021,690
18/3/2021,688.5
19/3/2021,682
22/3/2021,685.5
23/3/2021,680.5
24/3/2021,682.5
25/3/2021,683
26/3/2021,678
29/3/2021,674.5
30/3/2021,670
31/3/2021,659.5
1/4/2021,656
5/4/2021,653
6/4/2021,652
7/4/2021,649
8/4/2021,641
9/4/2021,632
12/4/2021,632.5
13/4/2021,627.5
14/4/2021,617.5
15/4/2021,617.5
16/4/2021,618.5
19/4/2021,608
20/4/2021,608
21/4/2021,603.5
22/4/2021,606.5
23/4/2021,606.5
26/4/2021,609.5
27/4/2021,603.5
28/4/2021,609.5
30/4/2021,616.5
3/5/2021,620.5
4/5/2021,625.5
5/5/2021,633
6/5/2021,643
7/5/2021,643.5
10/5/2021,645
11/5/2021,641.5
17/5/2021,635
18/5/2021,632.5
19/5/2021,629.5
20/5/2021,632.5
21/5/2021,638
24/5/2021,640
25/5/2021,641
27/5/2021,643
28/5/2021,643.5
31/5/2021,638
1/6/2021,615
2/6/2021,610
3/6/2021,603
4/6/2021,600
8/6/2021,592.5
9/6/2021,580
10/6/2021,578.5
11/6/2021,568
14/6/2021,564
15/6/2021,555
16/6/2021,559
17/6/2021,559.5
18/6/2021,550
21/6/2021,546.5
22/6/2021,540
23/6/2021,548
24/6/2021,550
25/6/2021,548
28/6/2021,539
29/6/2021,530.5
30/6/2021,520.5
1/7/2021,510.5
2/7/2021,502.5
5/7/2021,507
6/7/2021,501
7/7/2021,496
8/7/2021,489.5
9/7/2021,484
12/7/2021,490
13/7/2021,489.5
14/7/2021,493.5
15/7/2021,496.5
16/7/2021,507
19/7/2021,503
21/7/2021,497.5
22/7/2021,492.5
23/7/2021,485.5
26/7/2021,474
27/7/2021,481
28/7/2021,490
29/7/2021,492
30/7/2021,499.5
2/8/2021,504
3/8/2021,505
4/8/2021,510.5
5/8/2021,509.5
6/8/2021,516.5
9/8/2021,518
11/8/2021,524.5
12/8/2021,524
13/8/2021,528.5
16/8/2021,528
17/8/2021,534
18/8/2021,536
19/8/2021,530.5
20/8/2021,530
23/8/2021,534.5
24/8/2021,528.5
25/8/2021,522
26/8/2021,524
27/8/2021,519
30/8/2021,515.5
1/9/2021,511.5
2/9/2021,507.5
3/9/2021,502.5
6/9/2021,499
7/9/2021,502.5
8/9/2021,495.5
9/9/2021,493.5
10/9/2021,497.5
13/9/2021,494
14/9/2021,499
15/9/2021,494.5
17/9/2021,503
20/9/2021,494.5
21/9/2021,492
22/9/2021,493.5
23/9/2021,490.5
24/9/2021,492
27/9/2021,493
28/9/2021,493
29/9/2021,492.5
30/9/2021,501
1/10/2021,503
4/10/2021,499.5
5/10/2021,502.5
6/10/2021,505.5
7/10/2021,503
8/10/2021,506
11/10/2021,510.5
12/10/2021,512
13/10/2021,515.5
14/10/2021,523.5
15/10/2021,519.5
18/10/2021,521
20/10/2021,525.5
21/10/2021,540.5
22/10/2021,530.5
25/10/2021,532.5
26/10/2021,538.5
27/10/2021,543
28/10/2021,543
29/10/2021,549
1/11/2021,540.5
2/11/2021,535
3/11/2021,534
5/11/2021,526.5
8/11/2021,534
9/11/2021,540
10/11/2021,543.5
11/11/2021,544.5
12/11/2021,547
15/11/2021,550.5
16/11/2021,549
17/11/2021,546
18/11/2021,543
19/11/2021,552
22/11/2021,558
23/11/2021,562.5
24/11/2021,574
25/11/2021,582
26/11/2021,588
29/11/2021,587
30/11/2021,589.5
1/12/2021,586.5
2/12/2021,580.5
6/12/2021,579
7/12/2021,580.5
8/12/2021,574.5
9/12/2021,565.5
10/12/2021,553.5
13/12/2021,547.5
14/12/2021,541.5
15/12/2021,535.5
16/12/2021,531
17/12/2021,525
20/12/2021,517
21/12/2021,514.5
22/12/2021,511.5
23/12/2021,513
24/12/2021,512.5
27/12/2021,511.5
28/12/2021,514.5
29/12/2021,514.5
30/12/2021,519
3/1/2022,525
4/1/2022,538.5
5/1/2022,552
6/1/2022,559.5
7/1/2022,571.5
10/1/2022,569.5
11/1/2022,567
12/1/2022,564.5
13/1/2022,565.5
14/1/2022,576
17/1/2022,581
19/1/2022,588
20/1/2022,589
21/1/2022,586
24/1/2022,582.5
25/1/2022,585.5
26/1/2022,589
27/1/2022,590
28/1/2022,589.5
3/2/2022,595.5
4/2/2022,600.5
7/2/2022,606
8/2/2022,615
9/2/2022,622.5
10/2/2022,627
11/2/2022,630
14/2/2022,635
15/2/2022,628
16/2/2022,651.5
17/2/2022,671
18/2/2022,691.5
21/2/2022,702
22/2/2022,716
23/2/2022,715.5
24/2/2022,714
25/2/2022,714.5
28/2/2022,711
1/3/2022,708
2/3/2022,713.5
3/3/2022,717
4/3/2022,709.5
7/3/2022,712
8/3/2022,707.5
9/3/2022,709.5
10/3/2022,700.5
11/3/2022,690
14/3/2022,683
15/3/2022,678
16/3/2022,669
17/3/2022,670.5
18/3/2022,670.5
21/3/2022,666
22/3/2022,663
23/3/2022,661.5
24/3/2022,660
25/3/2022,660.5
28/3/2022,661.5
29/3/2022,670.5
30/3/2022,670
31/3/2022,670.5
1/4/2022,674
4/4/2022,677
5/4/2022,680
6/4/2022,679.5
7/4/2022,675
8/4/2022,676.5
11/4/2022,674.5
12/4/2022,676
13/4/2022,673.5
14/4/2022,674
18/4/2022,677
20/4/2022,664.5
21/4/2022,658.5
22/4/2022,655
25/4/2022,652
26/4/2022,654
27/4/2022,648.5
28/4/2022,644
29/4/2022,649.5
5/5/2022,652.5
6/5/2022,649.5
9/5/2022,654
10/5/2022,663
11/5/2022,670.5
12/5/2022,672
13/5/2022,670.5
17/5/2022,675
18/5/2022,674.5
19/5/2022,675
20/5/2022,676.5
23/5/2022,673.5
24/5/2022,677.5
25/5/2022,673.5
26/5/2022,675
27/5/2022,678
30/5/2022,679.5
31/5/2022,682.5
1/6/2022,680
2/6/2022,684
3/6/2022,680.5
7/6/2022,677.5
8/6/2022,674
9/6/2022,672
10/6/2022,666
13/6/2022,654
14/6/2022,646.5
15/6/2022,634.5
16/6/2022,624
17/6/2022,622
20/6/2022,618.5
21/6/2022,613.5
22/6/2022,607.5
23/6/2022,600.5
24/6/2022,596.5
27/6/2022,591
28/6/2022,587
29/6/2022,581.5
30/6/2022,575.5
1/7/2022,567
4/7/2022,560.5
5/7/2022,550.5
6/7/2022,541
7/7/2022,537
8/7/2022,531.5
12/7/2022,526
13/7/2022,520.5
14/7/2022,523.5
15/7/2022,514.5
18/7/2022,517.5
19/7/2022,522.5
20/7/2022,524.5
21/7/2022,527.5
22/7/2022,527
25/7/2022,529.5
26/7/2022,532
27/7/2022,531.5
28/7/2022,530.5
29/7/2022,531
1/8/2022,527.5
2/8/2022,523.5
3/8/2022,531
4/8/2022,533.5
5/8/2022,532.5
8/8/2022,535
9/8/2022,530
10/8/2022,526.5
11/8/2022,522.5
12/8/2022,520.5
15/8/2022,516
16/8/2022,511
17/8/2022,510.5
18/8/2022,511
19/8/2022,505
22/8/2022,506.5
23/8/2022,504
24/8/2022,502
25/8/2022,497.5
26/8/2022,491.5
29/8/2022,493.5
30/8/2022,493
1/9/2022,487.5
2/9/2022,483
5/9/2022,482.5
6/9/2022,478
7/9/2022,472.5
8/9/2022,475.5
9/9/2022,475
12/9/2022,477.5
13/9/2022,481
14/9/2022,481.5
15/9/2022,484.5
19/9/2022,483
20/9/2022,480.5
21/9/2022,478.5
22/9/2022,475.5
23/9/2022,472
26/9/2022,468
27/9/2022,468.5
28/9/2022,468.5
29/9/2022,469.5
30/9/2022,469.5
3/10/2022,471.5
4/10/2022,473
5/10/2022,475.5
6/10/2022,477
7/10/2022,478.5
11/10/2022,475.5
12/10/2022,469.5
13/10/2022,463.5
14/10/2022,463
17/10/2022,462
18/10/2022,464
19/10/2022,465
20/10/2022,463
21/10/2022,462
25/10/2022,458.5
26/10/2022,457
27/10/2022,457.5
28/10/2022,462.5
31/10/2022,463.5
1/11/2022,470.5
2/11/2022,474
3/11/2022,478
4/11/2022,481.5
7/11/2022,480
8/11/2022,480.5
9/11/2022,477
10/11/2022,472.5
11/11/2022,473.5
14/11/2022,477.5
15/11/2022,482.5
16/11/2022,477
17/11/2022,471
21/11/2022,467.5
22/11/2022,468
23/11/2022,466.5
24/11/2022,465
25/11/2022,462
29/11/2022,464
30/11/2022,463
1/12/2022,466.5
2/12/2022,464.5
5/12/2022,465
6/12/2022,465.5
7/12/2022,465
8/12/2022,464.5
9/12/2022,465.5
12/12/2022,465
13/12/2022,462
14/12/2022,463
15/12/2022,467
16/12/2022,470
19/12/2022,472.5
20/12/2022,477
21/12/2022,480
22/12/2022,481.5
23/12/2022,482
27/12/2022,481
28/12/2022,475.5
29/12/2022,470.5
30/12/2022,471
